id,category,subcategory,jurusan,priority,source,chunk_type,content_preview,tags
dc04e3b0-a6c3-4033-a5c1-3fef409e1eb4,school,profile,General,high,both,factual,SMK Negeri 6 Surakarta adalah SMK Pusat Keunggulan (SMK PK) sejak tahun 2022. Sekolah ini memiliki 1.623 siswa yang tersebar dalam 4 bidang keahlian dan 7 program studi. Target lulusan: 80% terserap i...,"smkn6, pusat_keunggulan, demografi, pip, target_lulusan"
ae92346d-f968-4444-9e40-2a043e06139b,school,vision_mission,General,high,both,factual,"Visi SMKN 6 Surakarta: Menjadi SMK yang menghasilkan lulusan berdaya saing global, berkarakter, dan berjiwa entrepreneurship berbasis teknologi informasi dan komunikasi. Misi: menyelenggarakan pendidi...","visi, misi, karakter, entrepreneurship, teknologi"
c6ac8a6b-b9ec-4873-9988-419ec38c9626,school,teaching_factory,General,high,both,factual,"Teaching Factory (Tefa) adalah pilar identitas terkuat SMKN 6 Surakarta. Program PPLG memiliki peta jalan 5 tahun: Tahun 1 perluasan kolaborasi industri dan aplikasi edukasi Android, Tahun 2 layanan s...","tefa, pplg, roadmap, lsp, bnsp, industri"
1ad87436-7d83-4b10-a4ef-be3947a77520,school,culture,General,high,both,factual,Kultur komunikasi SMKN 6 Surakarta: Sekolah menerapkan konsep 'Sekolah Sehat' melalui rutinitas Jumat Sehat. Kolaborasi industri meliputi Toploker.com untuk lokakarya konten kreatif dan pemasaran digi...,"sekolah_sehat, jumat_sehat, kolaborasi, toploker, pegadaian, pedagogi"
8d6f58a1-45db-4028-b2ca-0e027b1d5979,school,identity,General,high,both,factual,"Karakter unik SMKN 6 Surakarta: Positioning sebagai Center of Excellence dengan fokus digitalisasi pendidikan vokasional, entrepreneurship berbasis teknologi, Teaching Factory sebagai jembatan pendidi...","center_of_excellence, digitalisasi, local_global, soft_skills, hard_skills"
644896dc-1b3a-4756-be97-ebaaf6ab9fa9,majors,curriculum,RPL,high,both,factual,"PPLG (Pengembangan Perangkat Lunak dan Gim) adalah program unggulan SMKN 6 Surakarta. Jurusan ini mempersiapkan siswa menjadi programmer, developer, dan software engineer. Mata pelajaran: Algoritma, P...","pplg, rpl, programming, kurikulum, software"
738a2512-b5ce-4004-9a8f-10e0b1d1b891,majors,tools,RPL,high,both,factual,"Tools industri wajib PPLG/RPL 2026: Code Editor (VS Code, JetBrains, Cursor AI), Version Control (Git, GitHub, GitLab), Frontend (HTML, CSS, JavaScript, React, Vue, Angular, Tailwind CSS), Backend (No...","vscode, github, react, node, flutter, docker, copilot, cursor"
128ac4d6-3f5d-4ffe-aead-fa4fab0a6e94,majors,ai_impact,RPL,high,both,trend,"AI Impact pada PPLG/RPL: AI coding assistant (GitHub Copilot, Cursor) dapat menulis kode dan debug, tetapi menghasilkan kode yang 'works' tapi tidak selalu 'optimal' atau 'secure'. Human oversight tet...","ai, copilot, coding, future_proof, system_design"
bfe5ce06-9698-447a-a90d-54ceafe4a5a1,majors,trends,RPL,high,both,trend,"Tren industri RPL 2025-2026: AI-Native Development, Low-Code/No-Code (Bubble, Webflow), Full-Stack JavaScript dominance, Cloud-Native Development, Microservices Architecture, Serverless Computing (AWS...","tren, 2026, cloud_native, microservices, serverless, webassembly"
05d43888-cc06-4604-9bd0-0250874c7ac6,majors,career,RPL,high,both,actionable,"Peluang karier PPLG/RPL: Entry-level (Junior Web Developer Rp 5-8 juta, Junior Mobile Developer Rp 5-8 juta, Frontend/Backend Developer Rp 6-9 juta). Menengah (Senior Developer Rp 10-18 juta, Tech Lea...","gaji, karier, freelance, remote, entry_level"
18439a7a-4d4e-4d41-b3f5-0c82e979f470,majors,certification,RPL,high,both,actionable,"Sertifikasi RPL: AWS Certified Developer/Cloud Practitioner, Google Cloud Professional Developer, Microsoft Azure Developer, Oracle Certified Professional (Java), Meta Frontend Developer Certificate (...","sertifikasi, aws, google_cloud, docker, kubernetes, portofolio"
178932ae-c559-442d-9443-24a22b987ed2,majors,niche,RPL,medium,ai_research,actionable,"Niche karier spesial PPLG: AI/ML Engineer, Blockchain Developer, Game Developer (Unity/Unreal), Embedded Systems Developer (IoT), Cybersecurity Engineer, Site Reliability Engineer (SRE), Developer Adv...","niche, ai_ml, blockchain, game_dev, cybersecurity, sre"
8d35e676-541d-4844-a15a-059e9c8c433f,concerns,psychology,RPL,high,both,emotional,"Concern nyata siswa PPLG: (1) AI bakal ganti programmer? (2) Coding susah dan pusing, error terus. (3) Laptop kentang (RAM 4GB, HDD lambat). (4) Harus jago matematika? (5) Bahasa pemrograman mana yang...","anxiety, ai, laptop_kentang, matematika, imposter, interview"
d108376e-44b9-42f2-98db-4eaf7a224391,majors,curriculum,DKV,high,both,factual,"DKV (Desain Komunikasi Visual) mempersiapkan siswa menjadi desainer grafis, ilustrator, dan visual communicator. Mata pelajaran: Dasar Desain, Teori Warna dan Tipografi, Ilustrasi, Fotografi, Desain G...","dkv, desain, kurikulum, visual, branding"
e9b2daf6-c7ac-40bb-b929-0be41b4a0816,majors,tools,DKV,high,both,factual,"Tools industri DKV 2026: Adobe Creative Suite (Photoshop, Illustrator, InDesign, After Effects, Premiere Pro), Figma (UI/UX, prototyping), Canva Pro, Sketch, Blender/Cinema 4D (3D), Procreate (iPad), ...","adobe, figma, canva, midjourney, blender, after_effects, behance"
2aa8f0a6-25f4-4e9f-a73a-52f62227b3af,majors,ai_impact,DKV,high,both,trend,"AI Impact pada DKV: AI dapat menghasilkan gambar, logo, ilustrasi, dan video dalam hitungan detik. Tapi AI menghasilkan 'generic' design. Kreativitas orisinal, brand strategy, dan human touch tetap di...","ai, midjourney, creative_direction, brand_strategy, generic"
2873ae9e-fed1-469a-8e07-f976db70b3d0,majors,trends,DKV,high,both,trend,"Tren industri DKV 2025-2026: AI-Assisted Design, Motion Graphics & Animation dominance, 3D & Immersive Design (AR, metaverse), Sustainable Design, Inclusive Design, Variable Fonts & Typography, Maxima...","tren, 2026, motion_graphics, 3d, sustainable_design, generative"
82b93133-755e-4315-97a6-69e6bfd37e40,majors,career,DKV,high,both,actionable,"Peluang karier DKV: Entry (Junior Graphic Designer Rp 4-6 juta, Social Media Designer Rp 4-6 juta, UI/UX Junior Rp 5-8 juta, Motion Graphics Junior Rp 4-7 juta). Menengah (Senior Graphic Designer Rp 8...","gaji, karier, freelance, remote, ui_ux"
4172752e-c84f-4ed2-a66d-caba9e9ea13e,majors,certification,DKV,high,both,actionable,"Sertifikasi DKV: Adobe Certified Professional (Photoshop, Illustrator, InDesign), Figma Certification, Google UX Design Certificate (Coursera), Nielsen Norman Group UX Certification, Interaction Desig...","sertifikasi, adobe, figma, google_ux, portofolio"
5453b0c5-994c-43ff-8d3b-747a70987521,concerns,psychology,DKV,high,both,emotional,"Concern nyata siswa DKV: (1) AI bakal ganti desainer? Anxiety TERTINGGI. (2) Laptop kentang gimana? RAM 4GB, render 10 menit, crash. (3) DKV masih worth it 2026? (4) Harus beli Adobe? Biaya subscripti...","anxiety, ai, laptop_kentang, adobe, portofolio, revisi"
bb30a17b-358e-4d7b-b169-35f0275e44cd,majors,solutions,DKV,high,both,actionable,"Solusi laptop kentang untuk DKV: Gunakan Canva (cloud-based, tidak butuh GPU), Figma (web-based, ringan), GIMP (gratis, alternatif Photoshop), Krita (digital art gratis), Photopea (browser-based Photo...","laptop_kentang, canva, figma, gimp, alternatif, cloud"
00c05229-8783-4d3e-8600-70b5f13919ea,majors,curriculum,Broadcasting,high,both,factual,"Broadcasting mempersiapkan siswa untuk produksi konten audio-visual, penyiaran, dan media digital. Mata pelajaran: Dasar Broadcasting, Teknik Penyiaran, Produksi Radio, Produksi Televisi, Videografi &...","broadcasting, video, content_creation, podcast, live_streaming"
5aa68132-0ab7-4026-81e3-4f0c42634140,majors,tools,Broadcasting,high,both,factual,"Tools industri Broadcasting 2026: Video Editing (Adobe Premiere Pro, DaVinci Resolve, Final Cut Pro, CapCut), Motion Graphics (After Effects, Motion), Audio (Audition, Audacity, GarageBand), Live Stre...","premiere, davinci, obs, capcut, descript, elevenlabs, tubebuddy"
a22397d6-c24a-4be3-b9a2-35eb22611751,majors,ai_impact,Broadcasting,high,both,trend,"AI Impact pada Broadcasting: AI dapat generate video dari teks (Runway, Pika), clone voice (ElevenLabs), auto-edit (Descript), generate script dan music. Tapi AI belum bisa menggantikan storytelling h...","ai, runway, elevenlabs, storytelling, creative_direction"
776c5d90-3f08-4477-8955-6f5d31e11d62,majors,trends,Broadcasting,high,both,trend,"Tren Broadcasting 2025-2026: Short-Form Video Dominance (TikTok, Reels, Shorts), Live Streaming Commerce, Podcast Renaissance, AI-Generated Content, Virtual Production (LED volume studio), Vertical Vi...","tren, 2026, short_form, creator_economy, live_commerce, podcast"
f2fd1d31-a52c-47a3-9785-23ed36a9c059,majors,career,Broadcasting,high,both,actionable,"Peluang karier Broadcasting: Entry (Video Editor Rp 4-6 juta, Content Creator Rp 3.5-6 juta, Production Assistant Rp 3-5 juta, Social Media Video Specialist Rp 4-6 juta). Menengah (Senior Video Editor...","gaji, karier, freelance, youtube, content_creator"
b4eeb38e-d4e9-49f0-9438-1feed96dead2,concerns,psychology,Broadcasting,high,both,emotional,"Concern nyata siswa Broadcasting: (1) Harus punya kamera mahal? DSLR 10 juta. (2) AI bisa buat video, videographer masih dibutuhkan? (3) Sukses broadcasting = jadi seleb? (4) Gimana caranya dapat subs...","anxiety, kamera_mahal, ai, subscriber, editing, copyright"
7a039f1d-516c-49f0-b908-c18666580257,majors,solutions,Broadcasting,high,both,actionable,"Solusi kamera mahal untuk Broadcasting: Smartphone modern (iPhone, Samsung flagship) sudah cukup untuk konten quality. Invest in skill dulu, gear kemudian. Aksesoris murah: tripod Rp 50rb, ring light ...","kamera_mahal, smartphone, capcut, ring_light, budget"
b1cc7416-d4de-4cac-bc2d-aac08d7f7651,majors,curriculum,Pemasaran,high,both,factual,"Pemasaran mempersiapkan siswa untuk riset pasar, perencanaan pemasaran, penjualan, promosi, dan distribusi. Fokus pada digital marketing, social media marketing, dan e-commerce. Mata pelajaran: Dasar ...","pemasaran, digital_marketing, ecommerce, seo, social_media"
8457fdb0-7f84-44b9-b3da-dce46a83da70,majors,tools,Pemasaran,high,both,factual,"Tools industri Pemasaran 2026: Analytics (Google Analytics 4, Google Tag Manager), Ads (Meta Business Suite, TikTok Ads Manager, Google Ads), E-Commerce (Shopify, WooCommerce, Tokopedia, Shopee, TikTo...","ga4, meta_ads, tiktok_shop, hubspot, semrush, chatgpt"
6fdba66f-fcf1-4920-b28d-073cf8462db0,majors,ai_impact,Pemasaran,high,both,trend,"AI Impact pada Pemasaran: AI adalah TOOL untuk marketer, bukan pengganti. AI membantu copywriting, content generation, personalisasi campaign, predictive analytics, chatbot 24/7, A/B testing otomatis,...","ai, personalization, short_form, social_commerce, influencer, privacy"
71c85afe-5f38-4364-b3e2-f7fd60561547,majors,career,Pemasaran,high,both,actionable,"Peluang karier Pemasaran: Entry (Digital Marketing Specialist Rp 4-6 juta, Social Media Manager Rp 3.5-5 juta, Content Creator Rp 3.5-6 juta, SEO/SEM Specialist Rp 4-6 juta). Menengah (Digital Marketi...","gaji, karier, freelance, remote, affiliate, content_creator"
2070f99c-5ee4-4fb6-a64a-d932bf924d07,concerns,psychology,Pemasaran,high,both,emotional,"Concern nyata siswa Pemasaran: (1) Jurusan pemasaran terlalu umum? Semua orang bisa marketing tanpa sekolah. (2) Content creator harus extrovert? Aku introvert. (3) Algoritma sosmed selalu berubah, ta...","anxiety, introvert, algoritma, budget, ai_etika, tiktok_shop"
7862da07-656d-41b2-a910-2e0b4c936cab,majors,solutions,Pemasaran,high,both,actionable,"Solusi introvert di Pemasaran: Spesialisasi paling bernilai di era modern justru diisi introvert: Spesialis Pemasaran Automation, Manajemen Siklus CRM, Data Analyst Marketing — fokus ke dasbor kompute...","introvert, automation, crm, copywriting, seo, remote"
840da1cc-182b-4fcd-b187-251345c35b63,majors,curriculum,AKL,high,both,factual,"AKL (Akuntansi dan Keuangan Lembaga) mempersiapkan siswa menjadi tenaga akuntansi junior. Mata pelajaran: Akuntansi Dasar, Akuntansi Keuangan, Akuntansi Manajemen, Perpajakan (PPh, PPN, PBB), Ekonomi ...","akl, akuntansi, pajak, myob, accurate, keuangan"
3e95b746-64d1-4dcb-8040-7527f04d0439,majors,tools,AKL,high,both,factual,"Tools industri AKL 2026: Cloud Accounting (Accurate Online, QuickBooks Online, Xero, Jurnal.id, Kledo), Desktop (MYOB, Zahir, QuickBooks Desktop), Tax (e-Filing DJP Online, e-SPT, e-Faktur), Spreadshe...","accurate, quickbooks, xero, excel, e_filing, python, ocr"
21b0947c-e54b-4f38-ae03-98cb25d6c692,majors,ai_impact,AKL,high,both,trend,"AI Impact pada AKL: AI mengotomatisasi pencatatan transaksi dasar, rekonsiliasi bank, dan laporan keuangan sederhana. Tapi AI butuh human untuk interpretasi data, advisory keuangan, deteksi fraud, pre...","ai, cloud_accounting, advisory, esg, blockchain, real_time"
81fe0224-90e2-41df-ab32-8bdda6758d9d,majors,career,AKL,high,both,actionable,"Peluang karier AKL: Entry (Staff Akuntansi Rp 3.5-5 juta, Junior Auditor KAP Rp 4-6 juta, Tax Staff Rp 4-6 juta, Bookkeeper Rp 3-4.5 juta). Menengah (Senior Accountant Rp 7-12 juta, Tax Consultant Rp ...","gaji, karier, freelance, remote, auditor, tax"
d36790db-2e0d-4e72-884c-fc26295f26e4,majors,certification,AKL,high,both,actionable,"Sertifikasi AKL: Brevet Pajak A & B (wajib untuk tax consultant), Certified Public Accountant (CPA), Certified Management Accountant (CMA), QuickBooks Certified ProAdvisor, Xero Certified Advisor, SAP...","sertifikasi, brevet_pajak, cpa, quickbooks, excel, portofolio"
63d0454c-720b-4a2e-96d5-06e67fefd248,concerns,psychology,AKL,high,both,emotional,Concern nyata siswa AKL: (1) AI bakal ganti akuntan manual? (2) Brevet pajak susah gak? (3) Kerja akuntansi boring gak? Ngitung doang? (4) Gaji akuntan kecil? Rp 3-5 juta. (5) Harus kuliah buat naik j...,"anxiety, ai, brevet, matematika, gaji, pkl"
bb1de693-689f-40e1-b6bb-756210e07bae,majors,curriculum,MPLB,high,both,factual,"MPLB (Manajemen Perkantoran dan Layanan Bisnis, dulu OTKP) mempersiapkan siswa menjadi tenaga administrasi profesional. Mata pelajaran: Administrasi Umum, Korespondensi Bahasa Indonesia & Inggris, Tek...","mplb, otkp, administrasi, perkantoran, korespondensi"
a3ede83e-f29b-42df-b3b6-9fe509f08303,majors,tools,MPLB,high,both,factual,"Tools industri MPLB 2026: Microsoft Office 365 (Word, Excel, PowerPoint, Outlook, Teams), Google Workspace (Docs, Sheets, Slides, Calendar, Meet), Project Management (Notion AI, ClickUp, Trello, Asana...","office365, google_workspace, notion, zapier, copilot, canva"
46169ff3-ca20-4e52-8f4f-7f6420c07e8c,majors,ai_impact,MPLB,high,both,trend,"AI Impact pada MPLB: AI mengotomatisasi pengetikan, penyusunan surat, scheduling, dan data entry. Tapi AI butuh human untuk manajemen alur kerja asinkron, administrasi pangkalan data, dan koordinasi p...","ai, automation, workflow, remote, hybrid, paperless"
bf0fb515-0dfb-4e92-877d-7eeaa9f32120,majors,career,MPLB,high,both,actionable,"Peluang karier MPLB: Entry (Administrative Assistant Rp 3-4.5 juta, Receptionist Rp 3-4 juta, Data Entry Rp 3-4.5 juta, Customer Service Rp 3-4.5 juta). Menengah (Office Manager Rp 6-10 juta, Executiv...","gaji, karier, freelance, remote, virtual_assistant, executive_assistant"
c7d2adb0-7fec-445e-a381-df57e82d101e,concerns,psychology,MPLB,high,both,emotional,Concern nyata siswa MPLB: (1) AI bisa ganti admin kantor? ChatGPT + Zapier. (2) Cuma jadi sekretaris doang? Stigma. (3) Gaji kecil dan gak naik-naik? Stagnan. (4) Harus jago bahasa Inggris? (5) Digita...,"anxiety, ai, sekretaris, gaji, inggris, pkl, va"
94b3822f-65b6-4c9d-bd0f-2a26aeeb4a3a,majors,curriculum,ULP,high,both,factual,"ULP (Usaha Layanan Pariwisata) mempersiapkan siswa untuk industri hospitality. Mata pelajaran: Dasar Pariwisata, Kepariwisataan Indonesia, Pengetahuan Hotel, Pengetahuan Restoran/F&B, Travel Agency Op...","ulp, pariwisata, hotel, restoran, tour_guide, event"
12add7d2-651f-4e25-9ae5-e5e1533133ba,majors,tools,ULP,high,both,factual,"Tools industri ULP 2026: Hotel PMS (Opera, Cloudbeds, Mews), OTA (Booking.com, Agoda, Traveloka, Tiket.com), Channel Manager (SiteMinder, Cloudbeds), Restaurant POS (Toast, Square, Moka POS, Pawoon), ...","pms, booking_com, traveloka, eventbrite, tripadvisor, ai_chatbot"
b5cedfd5-7a71-4a6b-a94e-07d9c715f4e5,majors,ai_impact,ULP,high,both,trend,"AI Impact pada ULP: AI membantu personalisasi itinerary, chatbot reservasi 24/7, revenue management dan dynamic pricing, sentiment analysis dari review, virtual tour dan augmented reality, translation...","ai, chatbot, personalization, virtual_tour, wellness, culinary"
cc3d71e7-2b6c-4dbb-a8a2-58d1a6ad90f7,majors,career,ULP,high,both,actionable,"Peluang karier ULP: Entry (Front Office Rp 3-4.5 juta + service charge, F&B Service Rp 3-4 juta + tips, Reservation Agent Rp 3-4.5 juta, Travel Consultant Rp 3-5 juta + komisi). Menengah (Front Office...","gaji, karier, freelance, hotel, tour_guide, event"
86d5b86a-0c1d-4ccf-bbbb-69e5bf4a7523,concerns,psychology,ULP,high,both,emotional,"Concern nyata siswa ULP: (1) Pariwisata gak stabil? Seasonality dan pandemi trauma. (2) Harus jago bahasa asing? Inggris, Mandarin, Jepang. (3) Kerja di hotel shift? Lembur terus? (4) Gaji hospitality...","anxiety, stabil, bahasa, shift, gaji, pkl, public_speaking"
ceeab012-7738-41b0-a1bc-60dcbbcb6345,pkl,placement,General,high,both,actionable,"Tempat PKL rekomendasi di Surakarta dan sekitar: AKL — KAP Solo, Kantor Pajak Pratama, Bank BPD/BRI/BNI/Mandiri, Fintech, UMKM omset tinggi, Koperasi. MPLB — Perusahaan multinasional, Hotel berbintang...","pkl, surakarta, solo, klaten, hotel, bank, software_house"
572fc12a-936c-4e79-aa51-61b0ebf583f4,pkl,psychology,General,high,pdf,emotional,"3 Fase Psikologis PKL berdasarkan data empiris podcast siswa SMKN 6: Fase 1 — Disorientasi dan Krisis Kinerja (Bulan 1-2): Ketakutan inkompetensi, kecemasan merespons feedback klien, rasa lambat diban...","pkl, fase, psikologi, disorientasi, asimilasi, kematangan, resilience"
7783893c-3048-4a00-be14-aae1484f5b19,pkl,problems,General,high,both,emotional,Masalah umum siswa saat PKL: (1) Cuma disuruh ngopi dan fotocopy — PKL tidak meaningful. Solusi: proaktif minta project. (2) Gak dibayar — fokus learning experience. (3) Perbandingan dengan teman PKL ...,"pkl, masalah, fotocopy, mentor, bully, transportasi"
90dbd80c-1ab4-4883-a330-170cd432086f,pkl,tips,General,high,both,actionable,"Tips kesiapan PKL: (1) Research perusahaan sebelum PKL. (2) Update skill — pelajari tools perusahaan. (3) Siapkan portofolio untuk jurusan kreatif. (4) Latihan soft skills — komunikasi, teamwork, prob...","pkl, tips, kesiapan, soft_skills, portofolio, networking"
ff13dcbb-d3e1-45da-bbba-3fb52efcf405,pkl,anxiety,General,high,both,emotional,"Anxiety PKL spesifik per jurusan: AKL — Takut salah hitung dan rugiin perusahaan, takut lihat data sensitif, bingung software berbeda dari sekolah. MPLB — Takut salah atur jadwal bos, takut telepon cl...","pkl, anxiety, akl, mplb, dkv, rpl, broadcasting, ulp"
b38f8758-ed5e-4998-b8c5-ed6c0a3509bc,prompts,personality,General,high,pdf,factual,AI Personality untuk SMKN 6 Surakarta: Persona 'Kakak Tingkat Kelas Atas atau Mentor Alumni yang Sukses'. Bukan entitas otoritas guru kaku atau agen birokrasi. Tone: Bahasa Indonesia gaul yang profesi...,"persona, tone, bahasa, surakarta, logat, kakak_tingkat"
67b97b7e-e0d4-4285-99e6-90a84bd9dc19,prompts,ethics,General,high,pdf,emotional,Trauma-Informed & Resource-Conscious Approach: AI berfungsi dalam populasi ekonomi sensitif (tinggi pendaftar PIP). Dilarang mutlak Toxic Positivity: 'Kamu pasti bisa! Bekerja keraslah tanpa henti!' a...,"trauma_informed, resource_conscious, toxic_positivity, pip, finansial"
8a90e06b-502d-4f59-bc96-258f87bb3675,prompts,methodology,General,high,pdf,actionable,"Socratic Questioning Protocol: AI tidak memuntahkan jawaban final, melainkan mengkalibrasi struktur rasionalitas siswa. Contoh: Saat user kegundahan tes wawancara, alih-alih 10 tips baku, AI beri konf...","socratic, questioning, emosi, iteratif, personalitas"
4d66efe0-b1e8-41b0-98f2-886be89318cf,prompts,safety,General,high,pdf,factual,Red-Line Parameters (Pelanggaran Fatal yang Dilarang AI): (1) Dilarang mendegradasi pekerjaan operasional/blue-collar di tingkat regional seperti pelayan toko optik lokal demi membanggakan posisi digi...,"red_line, etika, blue_collar, gender, pkl, jaminan"
068a6b40-b76e-4cf9-b515-0634e9bc6c8c,prompts,strategy,General,high,both,actionable,Conversational Strategy AI: Greeting → Understanding → Empathy → Information → Action → Follow-up. Deteksi emosi: Anxiety → Reassurance + Facts + Action plan. Excitement → Encouragement + Realistic ne...,"conversation, emosi, anxiety, frustration, confusion, contextual"
9c47eae1-7c7d-467f-8f62-5ce7510fdabe,industry,macro,General,medium,ai_research,trend,"Tren makro industri 2025-2026: (1) AI Integration — AI sebagai co-pilot bukan replacement, prompt engineering skill baru. (2) Remote & Hybrid Work — model kerja hybrid standar, digital nomad meningkat...","tren, 2026, ai, remote, gig_economy, sustainability, cybersecurity"
ef38e050-3bad-43d8-80fd-1cc077f91bd7,industry,creator_economy,General,medium,both,trend,Creator Economy terinstitusionalisasi: Sektor pembuatan konten video format pendek bukan lagi pekerjaan sampingan. Profesi penuh waktu dengan struktur insentif mapan. Perusahaan lokal merekrut talenta...,"creator_economy, tiktok, reels, viral, revenue, influencer"
22672b0c-593e-45cd-b556-8affd0d8146b,industry,automation,General,medium,both,trend,"Otomatisasi Penjualan dan AI Automation Stack: Industri membutuhkan talenta yang mampu menautkan perangkat — menghubungkan data pelanggan dari Instagram ke CRM HubSpot, lalu mengirim pesan WhatsApp be...","automation, crm, hubspot, zapier, whatsapp, leads"
b9850b36-9ed7-4cac-a050-814f4afb2e70,industry,education_corporate,General,medium,pdf,trend,Simbiosis Pendidikan-Korporat: Tren di mana portal kerja daring turun tangan ke tingkat sekolah untuk melatih calon pekerjanya. Contoh: kolaborasi Toploker.com dan SMKN 6 Surakarta untuk mengembangkan...,"toploker, kolaborasi, vokasi, talenta, kultur_kerja"
214186ec-7238-4d99-94e2-0a82d640af9b,industry,compensation,General,medium,pdf,trend,"Kompensasi Holistik 2026: Kompensasi jabatan administratif/manajerial pemula tidak lagi sekadar gaji pokok. Tren menunjuk paket insentif berbasis retensi mental: penyediaan program umrah, integrasi ak...","kompensasi, holistic, wellbeing, umrah, sehat, retensi"
9221c570-7e20-431e-a1f4-1b0ab5d73281,alumni,pathfinding,General,medium,pdf,actionable,"Ekosistem alumni SMKN 6: Alumni tidak boleh diperlakukan sebagai statistik formalitas, melainkan sebagai algoritma pemecahan jalan (pathfinding algorithm). Jika target 80% lulusan terserap industri di...","alumni, pathfinding, lks, pkl, intervensi, strategi"
3fd2e95a-7fba-447f-b0c3-fad663821e9a,alumni,stories,General,medium,ai_research,actionable,"Template cerita sukses alumni: (1) Corporate Climber — Alumni RPL angkatan 2018, junior developer software house Solo Rp 4 juta, sekarang remote backend engineer startup Singapore $3000/bulan. (2) Cre...","alumni, sukses, template, rpl, dkv, ulp, broadcasting, akl"
16fc130c-d5b0-4f2b-960b-0c789a2f4515,faq,technology_crisis,RPL,high,pdf,emotional,"FAQ Krisis Validasi Teknologi: 'AI kan udah jago bikin codingan, buat apa aku belajar capek-capek teori syntax di RPL?' Respon: Industri memang tak butuh penghafal sintaks lagi, tapi sangat mencari sp...","faq, ai, coding, syntax, reviewer_kode, keamanan"
6575f206-e5d2-4a4c-9c5e-2f14c94eccd5,faq,hardware,DKV,high,pdf,emotional,"FAQ Inferioritas Hardware: 'Jurusan DKV sama PPLG tugasku numpuk harus ngerender video dan 3D, tapi laptop di rumah bener-bener spek kentang. Aku merasa salah jurusan, pindah aja?' Respon: Aktivasi de...","faq, laptop_kentang, cloud, tefa, lab, open_source"
fc4ac434-a47e-4096-b62d-adfeffbc2c65,faq,pkl_conflict,MPLB,high,pdf,emotional,"FAQ Ketakutan Relasi Sosial PKL: 'Gimana caranya bertahan di tempat magang yang isinya senior galak semua? Tugasku tiap hari cuma disuruh beli kopi sama fotokopi, gak diajarin skill sesuai jurusan MPL...","faq, pkl, senior, fotocopy, konflik, negosiasi, budaya_jawa"
86c4a359-09ae-4ea3-ba9f-9fa637fb4e86,faq,personality,Pemasaran,high,pdf,emotional,"FAQ Keraguan Penetrasi Sektoral Berbasis Personalitas: 'Anak introvert yang susah bergaul kayak aku cocok gak sih masuk jurusan Pemasaran, atau nanti susah cari kerjanya?' Respon: Dekonstruksi mitos p...","faq, introvert, pemasaran, automation, crm, analisis_data"
571e50cd-daf0-42e4-9bd7-def9bc829ea0,faq,general,General,high,both,factual,"FAQ Umum SMK: 'SMK vs SMA mana lebih baik?' Tergantung goal. SMK untuk karier teknis langsung, SMA untuk jalur akademik. 'Lulus SMK bisa kuliah gak?' Bisa, melalui SNBP, SNBT, atau mandiri. 'SMK harus...","faq, smk, sma, kuliah, gaji, pkl, sertifikasi, portofolio"
267f32e4-a9f5-40d2-adcc-12bab6f90b00,faq,ai_technology,General,high,both,factual,"FAQ AI dan Teknologi: 'AI bakal ganti kerjaan aku?' AI menggantikan task, bukan role. Role yang evolve dengan AI akan survive. 'Harus belajar AI?' Minimal menguasai AI tools untuk jurusanmu. 'Prompt e...","faq, ai, prompt_engineering, low_code, ethics, privacy"
b242ea68-0c45-4a9b-84a1-9dc97bb6c99e,faq,mental_health,General,high,both,emotional,"FAQ Kesehatan Mental: 'Anxiety karier itu normal?' Sangat normal, terutama Gen Z. Jangan dismiss perasaanmu. 'Gimana caranya handle pressure?' Break down task, prioritization, mindfulness, exercise, s...","faq, mental_health, anxiety, pressure, gagal, confident, depresi"
38afda57-737c-471a-84aa-0ae7e0b3d713,behavior,gen_z,General,medium,both,emotional,"Pola perilaku siswa SMK modern (Gen Z digital natives): Attention span pendek (8 detik untuk konten, 15 menit untuk belajar intensif). Visual learners — lebih suka video dan infografis daripada teks p...","gen_z, attention_span, visual, multitasking, anxiety, entrepreneurial"
eea6c398-64a6-43ef-8558-36f8403413c6,behavior,psychology,General,medium,both,emotional,"6 Pola Psikologis Siswa SMK: (1) Imposter Syndrome — 'Aku tidak sejago yang orang pikir'. Common di RPL dan DKV. Trigger: melihat project orang lain di sosial media. Coping: 'I'm learning, not failing...","imposter, analysis_paralysis, comparison, fear, burnout, hardware"
7dac4df2-7984-48cd-acef-510d0874f623,careers,niche,General,medium,ai_research,actionable,"Niche karier spesial per jurusan: AKL — E-commerce Accountant (bisnis online Tokopedia/Shopee/TikTok Shop), Fintech Accountant, Startup Financial Analyst, Sustainability Accountant (ESG/carbon account...","niche, akl, mplb, pemasaran, ecommerce, fintech, ugc"
04339526-e776-4e2c-9ff2-93d379fbf8ba,careers,niche,General,medium,ai_research,actionable,"Niche karier spesial per jurusan (lanjutan): ULP — Heritage Tour Guide (Keraton Solo, Candi), Adventure Tour Guide, Wedding Destination Specialist, MICE Specialist (Meetings, Incentives, Conferences, ...","niche, ulp, dkv, broadcasting, heritage, motion, podcast, drone"
bb7243b9-457f-4179-a282-0a2a2268f62c,careers,niche,RPL,medium,ai_research,actionable,"Niche karier spesial RPL: AI/ML Engineer, Blockchain Developer, Game Developer (Unity, Unreal), Embedded Systems Developer (IoT), Cybersecurity Engineer, Site Reliability Engineer (SRE), Developer Adv...","niche, rpl, ai_ml, blockchain, game_dev, cybersecurity, sre"
e1a30646-bd62-421d-be22-c432f50fc616,careers,remote_freelance,General,medium,ai_research,actionable,"Remote Work Readiness per jurusan: Very High — RPL (Software Development), DKV (Design), Pemasaran (Digital Marketing), AKL (Cloud Accounting), MPLB (Virtual Assistant). Medium — Broadcasting (Content...","remote, freelance, upwork, fiverr, sribu, platform, tips"
8ba750c3-31fd-4094-b8d2-bfa85f2bc98e,roadmap,learning,RPL,high,both,actionable,"Roadmap belajar RPL/PPLG: Semester 1-2 — Algoritma, pemrograman dasar (Python/Java), logika, HTML/CSS. Semester 3 — OOP, database SQL, JavaScript dasar, Git. Semester 4 — Web development (frontend + b...","roadmap, semester, belajar, pplg, startup, usaha"
542fd4ea-5e52-4755-a9f5-fd61aae6b456,roadmap,learning,DKV,high,both,actionable,"Roadmap belajar DKV: Semester 1-2 — Dasar desain, teori warna, tipografi, Photoshop & Illustrator dasar. Semester 3 — Desain grafis lanjut, branding, layout, fotografi. Semester 4 — UI/UX dasar, motio...","roadmap, semester, belajar, desain, adobe, figma, usaha"
dacc7c4f-15c5-4752-bf1d-c3d031355249,roadmap,learning,Pemasaran,high,both,actionable,"Roadmap belajar Pemasaran: Semester 1-2 — Dasar pemasaran, perilaku konsumen, riset pasar. Semester 3 — Digital marketing, social media, content creation. Semester 4 — E-commerce, SEO/SEM, email marke...","roadmap, semester, belajar, digital_marketing, seo, ecommerce, usaha"
fa0219ec-565b-4edc-b115-bcb77800f2e9,roadmap,learning,AKL,high,both,actionable,"Roadmap belajar AKL: Semester 1-2 — Dasar akuntansi, siklus akuntansi, jurnal, buku besar, neraca saldo. Semester 3 — Akuntansi keuangan lanjut, laporan keuangan, perpajakan dasar. Semester 4 — Komput...","roadmap, semester, belajar, akuntansi, myob, brevet_pajak, usaha"
309f0288-9aa8-4202-875b-2a2386365ff4,roadmap,learning,MPLB,high,both,actionable,"Roadmap belajar MPLB: Semester 1-2 — Korespondensi, administrasi umum, teknologi perkantoran dasar. Semester 3 — Manajemen arsip, manajemen rapat, korespondensi bisnis lanjut. Semester 4 — Teknologi p...","roadmap, semester, belajar, administrasi, mos, va, usaha"
4feaf970-434f-44d0-8907-a69668d10a63,roadmap,learning,ULP,high,both,actionable,"Roadmap belajar ULP: Semester 1-2 — Dasar pariwisata, pengetahuan hotel & restoran, bahasa Inggris. Semester 3 — Travel agency, tour guiding, event management, bahasa asing lanjut. Semester 4 — Market...","roadmap, semester, belajar, pariwisata, hotel, tour, usaha"
5ffb2c1d-79e8-4385-9085-688aceafd545,roadmap,learning,Broadcasting,high,both,actionable,"Roadmap belajar Broadcasting: Semester 1-2 — Dasar broadcasting, teknik kamera, editing dasar, penulisan naskah. Semester 3 — Produksi radio, produksi TV, videografi, audio editing. Semester 4 — Conte...","roadmap, semester, belajar, broadcasting, video, youtube, usaha"
f1dc6ebf-2c8e-47c7-8ab0-c7434b6b540c,school,extracurricular,General,low,both,factual,"Ekstrakurikuler dan organisasi SMKN 6 Surakarta: OSIS, MPK, Pramuka, PMR (Palang Merah Remaja), Rohis (Rohani Islam), English Club, Japanese Club, Korean Club, Klub Robotik/RPL, Klub Desain/DKV, Klub ...","ekstrakurikuler, osis, pramuka, klub, komunitas, aktif"
91bcbfaa-d184-4e56-ab50-a23830a8be28,financial,scholarship,General,medium,both,actionable,Program beasiswa dan pendanaan untuk siswa SMKN 6: Program Indonesia Pintar (PIP) — subsidi untuk siswa ekonomi menengah ke bawah. Kolaborasi PT Pegadaian — program beasiswa siswa berprestasi tanpa te...,"beasiswa, pip, bos, bidikmisi, pegadaian, finansial"
f521c035-410f-489d-ab53-723ed9b6c56c,careers,salary,General,medium,both,factual,"Tabel kompensasi realistis berdasarkan wilayah dan level (data PDF + AI riset): Entry-Level Lokal Surakarta/Klaten/Wonogiri — Rp 1.700.000 – Rp 2.400.000 (retail, sales counter, layanan kesehatan lini...","gaji, kompensasi, umr, surakarta, entry_level, manajerial"
5788aa0f-add4-4c35-8733-bca03cb4f4d1,industry,portfolio_validation,General,medium,pdf,trend,"Validasi otoritas berbasis portofolio, bukan institusi akademis: Proses rekrutmen terkini hampir secara buta mengabaikan nilai rapor. HRD menuntut tautan repositori GitHub untuk pelamar IT, Behance un...","portofolio, rekrutmen, github, behance, analytics, hr"
e3ec5da5-04f3-4966-beb1-e244fefe3c17,trends,poly_career,General,medium,pdf,trend,Transisi paradigma pekerjaan seumur hidup (lifelong employment) ke karier terdistribusi: Siswa Gen Z memiliki loyalitas korporat yang rendah namun etos kewirausahaan individual yang tinggi. Mereka tid...,"poli_karier, gen_z, loyalitas, freelance, multiple_income, side_hustle"
e52528e0-932f-4f11-96cc-a2675e04ae1d,concerns,digital_ethics,General,medium,pdf,emotional,Keresahan etika digital dan rekam jejak virtual: Konten viral berdurasi 15 detik di TikTok yang berbau pelecehan dapat meruntuhkan prospek karier secara permanen. Siswa memiliki kesadaran sekaligus pa...,"etika_digital, rekam_jejak, tiktok, background_check, privasi, hr"
1200e4dd-396d-49b9-8ec7-c116c956977e,school,competition,General,low,both,factual,Kompetisi dan prestasi yang relevan: Lomba Kompetensi Siswa (LKS) — tingkat kota/provinsi untuk semua jurusan. LKS Pemasaran Daring menuntut penguasaan strategi komersial dan menjadi bukti portofolio ...,"lks, kompetisi, teaching_factory_expo, prestasi, portofolio"
